"first_name","last_name","username","email","role","district_id"
"Field","Coordinator 001","field.coordinator.001","field.coordinator.001@statgate.example","district_initiator",""
"Field","Coordinator 002","field.coordinator.002","field.coordinator.002@statgate.example","district_initiator",""
"Field","Coordinator 003","field.coordinator.003","field.coordinator.003@statgate.example","district_initiator",""
"Field","Coordinator 004","field.coordinator.004","field.coordinator.004@statgate.example","district_initiator",""
"Field","Coordinator 005","field.coordinator.005","field.coordinator.005@statgate.example","district_initiator",""
"Field","Coordinator 006","field.coordinator.006","field.coordinator.006@statgate.example","district_initiator",""
"Field","Coordinator 007","field.coordinator.007","field.coordinator.007@statgate.example","district_initiator",""
"Field","Coordinator 008","field.coordinator.008","field.coordinator.008@statgate.example","district_initiator",""
"Field","Coordinator 009","field.coordinator.009","field.coordinator.009@statgate.example","district_initiator",""
"Field","Coordinator 010","field.coordinator.010","field.coordinator.010@statgate.example","district_initiator",""
"Field","Coordinator 011","field.coordinator.011","field.coordinator.011@statgate.example","district_initiator",""
"Field","Coordinator 012","field.coordinator.012","field.coordinator.012@statgate.example","district_initiator",""
"Field","Coordinator 013","field.coordinator.013","field.coordinator.013@statgate.example","district_initiator",""
"Field","Coordinator 014","field.coordinator.014","field.coordinator.014@statgate.example","district_initiator",""
"Field","Coordinator 015","field.coordinator.015","field.coordinator.015@statgate.example","district_initiator",""
"Field","Coordinator 016","field.coordinator.016","field.coordinator.016@statgate.example","district_initiator",""
"Field","Coordinator 017","field.coordinator.017","field.coordinator.017@statgate.example","district_initiator",""
"Field","Coordinator 018","field.coordinator.018","field.coordinator.018@statgate.example","district_initiator",""
"Field","Coordinator 019","field.coordinator.019","field.coordinator.019@statgate.example","district_initiator",""
"Field","Coordinator 020","field.coordinator.020","field.coordinator.020@statgate.example","district_initiator",""
"Field","Coordinator 021","field.coordinator.021","field.coordinator.021@statgate.example","district_initiator",""
"Field","Coordinator 022","field.coordinator.022","field.coordinator.022@statgate.example","district_initiator",""
"Field","Coordinator 023","field.coordinator.023","field.coordinator.023@statgate.example","district_initiator",""
"Field","Coordinator 024","field.coordinator.024","field.coordinator.024@statgate.example","district_initiator",""
"Field","Coordinator 025","field.coordinator.025","field.coordinator.025@statgate.example","district_initiator",""
"Field","Coordinator 026","field.coordinator.026","field.coordinator.026@statgate.example","district_initiator",""
"Field","Coordinator 027","field.coordinator.027","field.coordinator.027@statgate.example","district_initiator",""
"Field","Coordinator 028","field.coordinator.028","field.coordinator.028@statgate.example","district_initiator",""
"Field","Coordinator 029","field.coordinator.029","field.coordinator.029@statgate.example","district_initiator","REJuxCmTwXG"
"Field","Coordinator 030","field.coordinator.030","field.coordinator.030@statgate.example","district_initiator",""
"Field","Coordinator 031","field.coordinator.031","field.coordinator.031@statgate.example","district_initiator",""
"Field","Coordinator 032","field.coordinator.032","field.coordinator.032@statgate.example","district_initiator",""
"Field","Coordinator 033","field.coordinator.033","field.coordinator.033@statgate.example","district_initiator",""
"Field","Coordinator 034","field.coordinator.034","field.coordinator.034@statgate.example","district_initiator",""
"Field","Coordinator 035","field.coordinator.035","field.coordinator.035@statgate.example","district_initiator",""
"Field","Coordinator 036","field.coordinator.036","field.coordinator.036@statgate.example","district_initiator",""
"Field","Coordinator 037","field.coordinator.037","field.coordinator.037@statgate.example","district_initiator",""
"Field","Coordinator 038","field.coordinator.038","field.coordinator.038@statgate.example","district_initiator",""
"Field","Coordinator 039","field.coordinator.039","field.coordinator.039@statgate.example","district_initiator",""
"Field","Coordinator 040","field.coordinator.040","field.coordinator.040@statgate.example","district_initiator",""
"Field","Coordinator 041","field.coordinator.041","field.coordinator.041@statgate.example","district_initiator","NREoMszwQZW"
"Field","Coordinator 042","field.coordinator.042","field.coordinator.042@statgate.example","district_initiator","QYiQ2KqgCxj"
"Field","Coordinator 043","field.coordinator.043","field.coordinator.043@statgate.example","district_initiator","ztIyIYAzFKp"
"Field","Coordinator 044","field.coordinator.044","field.coordinator.044@statgate.example","district_initiator","p7EEgDEX3jT"
"Field","Coordinator 045","field.coordinator.045","field.coordinator.045@statgate.example","district_initiator","ZuQHWOaFQVM"
"Field","Coordinator 046","field.coordinator.046","field.coordinator.046@statgate.example","district_initiator","a8RHFdF4DXL"
"Field","Coordinator 047","field.coordinator.047","field.coordinator.047@statgate.example","district_initiator","TM6ccNxawqy"
"Field","Coordinator 048","field.coordinator.048","field.coordinator.048@statgate.example","district_initiator","C0RSe3EWBqU"
"Field","Coordinator 049","field.coordinator.049","field.coordinator.049@statgate.example","district_initiator","JyZJhGXKeEq"
"Field","Coordinator 050","field.coordinator.050","field.coordinator.050@statgate.example","district_initiator","WcB3kLlgRTb"
"Field","Coordinator 051","field.coordinator.051","field.coordinator.051@statgate.example","district_initiator","kb7iUQISRlx"
"Field","Coordinator 052","field.coordinator.052","field.coordinator.052@statgate.example","district_initiator","AhwgeZQYj16"
"Field","Coordinator 053","field.coordinator.053","field.coordinator.053@statgate.example","district_initiator","gUaoj8Geuao"
"Field","Coordinator 054","field.coordinator.054","field.coordinator.054@statgate.example","district_initiator","AIonX4LaJeU"
"Field","Coordinator 055","field.coordinator.055","field.coordinator.055@statgate.example","district_initiator","sWoNWQZ9qrD"
"Field","Coordinator 056","field.coordinator.056","field.coordinator.056@statgate.example","district_initiator","x75Yh65MaUa"
"Field","Coordinator 057","field.coordinator.057","field.coordinator.057@statgate.example","district_initiator","tdZbtg9sZkO"
"Field","Coordinator 058","field.coordinator.058","field.coordinator.058@statgate.example","district_initiator","Ame30QOwuX6"
"Field","Coordinator 059","field.coordinator.059","field.coordinator.059@statgate.example","district_initiator","e8m9ZYMRoeR"
"Field","Coordinator 060","field.coordinator.060","field.coordinator.060@statgate.example","district_initiator","auLatLbcOxf"
"Field","Coordinator 061","field.coordinator.061","field.coordinator.061@statgate.example","district_initiator","CQTmrrriwOq"
"Field","Coordinator 062","field.coordinator.062","field.coordinator.062@statgate.example","district_initiator","g8M1cWRJZV6"
"Field","Coordinator 063","field.coordinator.063","field.coordinator.063@statgate.example","district_initiator","iTfbtn6JUsN"
"Field","Coordinator 064","field.coordinator.064","field.coordinator.064@statgate.example","district_initiator","It5UGwdHAPF"
"Field","Coordinator 065","field.coordinator.065","field.coordinator.065@statgate.example","district_initiator","lkuO79O6mRx"
"Field","Coordinator 066","field.coordinator.066","field.coordinator.066@statgate.example","district_initiator","MtpE3CH6vq3"
"Field","Coordinator 067","field.coordinator.067","field.coordinator.067@statgate.example","district_initiator","a3LMKP8z8Xj"
"Field","Coordinator 068","field.coordinator.068","field.coordinator.068@statgate.example","district_initiator","FDPqRvcW3NN"
"Field","Coordinator 069","field.coordinator.069","field.coordinator.069@statgate.example","district_initiator","aZLZPPjqft0"
"Field","Coordinator 070","field.coordinator.070","field.coordinator.070@statgate.example","district_initiator","F3ccON3OCsL"
"Field","Coordinator 071","field.coordinator.071","field.coordinator.071@statgate.example","district_initiator","wMQ25dybdgH"
"Field","Coordinator 072","field.coordinator.072","field.coordinator.072@statgate.example","district_initiator","lQj3yMM1lI7"
"Field","Coordinator 073","field.coordinator.073","field.coordinator.073@statgate.example","district_initiator","Gwk4wkLz7EW"
"Field","Coordinator 074","field.coordinator.074","field.coordinator.074@statgate.example","district_initiator","PJFtfCyp6Rb"
"Field","Coordinator 075","field.coordinator.075","field.coordinator.075@statgate.example","district_initiator","r8WLxW9JwsS"
"Field","Coordinator 076","field.coordinator.076","field.coordinator.076@statgate.example","district_initiator","oNxpMjveyZt"
"Field","Coordinator 077","field.coordinator.077","field.coordinator.077@statgate.example","district_initiator","UaR7OHycj8c"
"Field","Coordinator 078","field.coordinator.078","field.coordinator.078@statgate.example","district_initiator","aJR2ZxSH7g4"
"Field","Coordinator 079","field.coordinator.079","field.coordinator.079@statgate.example","district_initiator","eOJUW6OGpc7"
"Field","Coordinator 080","field.coordinator.080","field.coordinator.080@statgate.example","district_initiator","zBIpPzKYFLp"
"Field","Coordinator 081","field.coordinator.081","field.coordinator.081@statgate.example","district_initiator","m77oR1YJESj"
"Field","Coordinator 082","field.coordinator.082","field.coordinator.082@statgate.example","district_initiator","QoRZB7xc3j9"
"Field","Coordinator 083","field.coordinator.083","field.coordinator.083@statgate.example","district_initiator","orgY0d5MJa9"
"Field","Coordinator 084","field.coordinator.084","field.coordinator.084@statgate.example","district_initiator","Lnewt3iIJaK"
"Field","Coordinator 085","field.coordinator.085","field.coordinator.085@statgate.example","district_initiator","KOnkIf4N6jA"
"Field","Coordinator 086","field.coordinator.086","field.coordinator.086@statgate.example","district_initiator","JrHILmtK0OU"
"Field","Coordinator 087","field.coordinator.087","field.coordinator.087@statgate.example","district_initiator","kJCEJnXLgnh"
"Field","Coordinator 088","field.coordinator.088","field.coordinator.088@statgate.example","district_initiator","ahyi8Uq4vaj"
"Field","Coordinator 089","field.coordinator.089","field.coordinator.089@statgate.example","district_initiator","aXmBzv61LbM"
"Field","Coordinator 090","field.coordinator.090","field.coordinator.090@statgate.example","district_initiator","oyygQ2STBST"
"Field","Coordinator 091","field.coordinator.091","field.coordinator.091@statgate.example","district_initiator","uCVQXAdKqL9"
"Field","Coordinator 092","field.coordinator.092","field.coordinator.092@statgate.example","district_initiator","aphcy5JTnd6"
"Field","Coordinator 093","field.coordinator.093","field.coordinator.093@statgate.example","district_initiator","aginheWSLef"
"Field","Coordinator 094","field.coordinator.094","field.coordinator.094@statgate.example","district_initiator","mvN9LBbpf7X"
"Field","Coordinator 095","field.coordinator.095","field.coordinator.095@statgate.example","district_initiator","Hmh5JQLls1d"
"Field","Coordinator 096","field.coordinator.096","field.coordinator.096@statgate.example","district_initiator","aa8xVDzSpte"
"Field","Coordinator 097","field.coordinator.097","field.coordinator.097@statgate.example","district_initiator","Pvl4FVXO0RD"
"Field","Coordinator 098","field.coordinator.098","field.coordinator.098@statgate.example","district_initiator","cSrCFjPKqcG"
"Field","Coordinator 099","field.coordinator.099","field.coordinator.099@statgate.example","district_initiator","ykxQEnZGXkj"
"Field","Coordinator 100","field.coordinator.100","field.coordinator.100@statgate.example","district_initiator","AS2Seq1grGE"
"Field","Coordinator 101","field.coordinator.101","field.coordinator.101@statgate.example","district_initiator","tM3DsJxMaMX"
"Field","Coordinator 102","field.coordinator.102","field.coordinator.102@statgate.example","district_initiator","GLHh0BXys9w"
"Field","Coordinator 103","field.coordinator.103","field.coordinator.103@statgate.example","district_initiator","Oyxwe3iDqpR"
"Field","Coordinator 104","field.coordinator.104","field.coordinator.104@statgate.example","district_initiator","L5WBetpBpY3"
"Field","Coordinator 105","field.coordinator.105","field.coordinator.105@statgate.example","district_initiator","qf9xWZu7Dq8"
"Field","Coordinator 106","field.coordinator.106","field.coordinator.106@statgate.example","district_initiator","B0G9cqixld8"
"Field","Coordinator 107","field.coordinator.107","field.coordinator.107@statgate.example","district_initiator","aPhSZRinfbg"
"Field","Coordinator 108","field.coordinator.108","field.coordinator.108@statgate.example","district_initiator","qKmESX5Owwr"
"Field","Coordinator 109","field.coordinator.109","field.coordinator.109@statgate.example","district_initiator","pnTVIF5v27r"
"Field","Coordinator 110","field.coordinator.110","field.coordinator.110@statgate.example","district_initiator","iqsaGItA68C"
"Field","Coordinator 111","field.coordinator.111","field.coordinator.111@statgate.example","district_initiator","Y4LV8xqkv6J"
"Field","Coordinator 112","field.coordinator.112","field.coordinator.112@statgate.example","district_initiator","aPZzL4CyBTg"
"Field","Coordinator 113","field.coordinator.113","field.coordinator.113@statgate.example","district_initiator","saT18HClZoz"
"Field","Coordinator 114","field.coordinator.114","field.coordinator.114@statgate.example","district_initiator","gCN6sU5BjlR"
"Field","Coordinator 115","field.coordinator.115","field.coordinator.115@statgate.example","district_initiator","h1O9AvNR4jS"
"Field","Coordinator 116","field.coordinator.116","field.coordinator.116@statgate.example","district_initiator","IVuiLJYABw6"
"Field","Coordinator 117","field.coordinator.117","field.coordinator.117@statgate.example","district_initiator","a9tQqo1rSj7"
"Field","Coordinator 118","field.coordinator.118","field.coordinator.118@statgate.example","district_initiator","O9MoQcpZ4uA"
"Field","Coordinator 119","field.coordinator.119","field.coordinator.119@statgate.example","district_initiator","xy0M4HhjXtD"
"Field","Coordinator 120","field.coordinator.120","field.coordinator.120@statgate.example","district_initiator","Lj8t70RYnEt"
"Field","Coordinator 121","field.coordinator.121","field.coordinator.121@statgate.example","district_initiator","hn1AlYtF1Pu"
"Field","Coordinator 122","field.coordinator.122","field.coordinator.122@statgate.example","district_initiator","tr9XWtYsL5P"
"Field","Coordinator 123","field.coordinator.123","field.coordinator.123@statgate.example","district_initiator","aqpd0Y9eXZ2"
"Field","Coordinator 124","field.coordinator.124","field.coordinator.124@statgate.example","district_initiator","aPRNSGUR3vk"
"Field","Coordinator 125","field.coordinator.125","field.coordinator.125@statgate.example","district_initiator","JIZDvNlIhXS"
"Field","Coordinator 126","field.coordinator.126","field.coordinator.126@statgate.example","district_initiator","WyR8Eetj7Uw"
"Field","Coordinator 127","field.coordinator.127","field.coordinator.127@statgate.example","district_initiator","bIONCoCnt3Q"
"Field","Coordinator 128","field.coordinator.128","field.coordinator.128@statgate.example","district_initiator","xr8EMirOASp"
"Field","Coordinator 129","field.coordinator.129","field.coordinator.129@statgate.example","district_initiator","mv4gKtY0qW8"
"Field","Coordinator 130","field.coordinator.130","field.coordinator.130@statgate.example","district_initiator","yuo5ielNL7W"
"Field","Coordinator 131","field.coordinator.131","field.coordinator.131@statgate.example","district_initiator","auswb7JO9wY"
"Field","Coordinator 132","field.coordinator.132","field.coordinator.132@statgate.example","district_initiator","FLygHiUd2UW"
"Field","Coordinator 133","field.coordinator.133","field.coordinator.133@statgate.example","district_initiator","Q7PaNIbyZII"
"Field","Coordinator 134","field.coordinator.134","field.coordinator.134@statgate.example","district_initiator","A9kRCvmn6Co"
"Field","Coordinator 135","field.coordinator.135","field.coordinator.135@statgate.example","district_initiator","W0kQBddyGyh"
"Field","Coordinator 136","field.coordinator.136","field.coordinator.136@statgate.example","district_initiator","YMMexeHFUay"
"Field","Coordinator 137","field.coordinator.137","field.coordinator.137@statgate.example","district_initiator","lzWuB6bCQeV"
"Field","Coordinator 138","field.coordinator.138","field.coordinator.138@statgate.example","district_initiator","a0DfYpC2Rwl"
"Field","Coordinator 139","field.coordinator.139","field.coordinator.139@statgate.example","district_initiator","mOXva2xiwQv"
"Field","Coordinator 140","field.coordinator.140","field.coordinator.140@statgate.example","district_initiator","VuHCApXcMTm"
"Field","Coordinator 141","field.coordinator.141","field.coordinator.141@statgate.example","district_initiator","aSbgVKaeCP0"
"Field","Coordinator 142","field.coordinator.142","field.coordinator.142@statgate.example","district_initiator","aUcYGQCK9ub"
"Field","Coordinator 143","field.coordinator.143","field.coordinator.143@statgate.example","district_initiator","Ut0ysYGEipO"
"Field","Coordinator 144","field.coordinator.144","field.coordinator.144@statgate.example","district_initiator","TGzZPOmbgn8"
"Field","Coordinator 145","field.coordinator.145","field.coordinator.145@statgate.example","district_initiator","esIUe2tQAtL"
"Field","Coordinator 146","field.coordinator.146","field.coordinator.146@statgate.example","district_initiator","EDhGji3EteB"
"Field","Coordinator 147","field.coordinator.147","field.coordinator.147@statgate.example","district_initiator","Xjc0LDFa5gW"
"Field","Coordinator 148","field.coordinator.148","field.coordinator.148@statgate.example","district_initiator","aj4hsYK3dVm"
"Field","Coordinator 149","field.coordinator.149","field.coordinator.149@statgate.example","district_initiator","z8D9ER36EKN"
"Field","Coordinator 150","field.coordinator.150","field.coordinator.150@statgate.example","district_initiator","hAoe9dhZh9V"
"Field","Coordinator 151","field.coordinator.151","field.coordinator.151@statgate.example","district_initiator","zNgVoDVPYgD"
"Field","Coordinator 152","field.coordinator.152","field.coordinator.152@statgate.example","district_initiator","uTMUclQ5bi6"
"Field","Coordinator 153","field.coordinator.153","field.coordinator.153@statgate.example","district_initiator","S5fvUXgY54J"
"Field","Coordinator 154","field.coordinator.154","field.coordinator.154@statgate.example","district_initiator","aXjub1BYn1y"
"Field","Coordinator 155","field.coordinator.155","field.coordinator.155@statgate.example","district_initiator","xpIFdCMhVHG"
"Field","Coordinator 156","field.coordinator.156","field.coordinator.156@statgate.example","district_initiator","aBrjuZk0W31"
"Field","Coordinator 157","field.coordinator.157","field.coordinator.157@statgate.example","district_initiator","uqUyTPvQKII"
"Field","Coordinator 158","field.coordinator.158","field.coordinator.158@statgate.example","district_initiator","WiVj4bEhX4P"
"Field","Coordinator 159","field.coordinator.159","field.coordinator.159@statgate.example","district_initiator","P8iz90eiIrW"
"Field","Coordinator 160","field.coordinator.160","field.coordinator.160@statgate.example","district_initiator","wZrfAgC3WrU"
"Field","Coordinator 161","field.coordinator.161","field.coordinator.161@statgate.example","district_initiator","fS71jg1WYPk"
"Field","Coordinator 162","field.coordinator.162","field.coordinator.162@statgate.example","district_initiator","fsP0Wxie1UW"
"Field","Coordinator 163","field.coordinator.163","field.coordinator.163@statgate.example","district_initiator","tugqr4dY6wq"
"Field","Coordinator 164","field.coordinator.164","field.coordinator.164@statgate.example","district_initiator","tsugXWRXwGu"
"Field","Coordinator 165","field.coordinator.165","field.coordinator.165@statgate.example","district_initiator","j7AQsnEYmvi"
"Field","Coordinator 166","field.coordinator.166","field.coordinator.166@statgate.example","district_initiator","zJfpujxC1kD"
"Field","Coordinator 167","field.coordinator.167","field.coordinator.167@statgate.example","district_initiator","xAJgEKKAeRA"
"Field","Coordinator 168","field.coordinator.168","field.coordinator.168@statgate.example","district_initiator","wJ2a6YKDFZW"
"Field","Coordinator 169","field.coordinator.169","field.coordinator.169@statgate.example","district_initiator","srmGjHrpVE5"
"Field","Coordinator 170","field.coordinator.170","field.coordinator.170@statgate.example","district_initiator","bJgx6UjvyoP"
"Field","Coordinator 171","field.coordinator.171","field.coordinator.171@statgate.example","district_initiator","KhT80mlwJ3Y"
"Field","Coordinator 172","field.coordinator.172","field.coordinator.172@statgate.example","district_initiator","aIahLLmtvgT"
"Field","Coordinator 173","field.coordinator.173","field.coordinator.173@statgate.example","district_initiator","aIahLLmtvgT"
"Field","Coordinator 174","field.coordinator.174","field.coordinator.174@statgate.example","district_initiator","W1JM2Qdhcv3"
"Field","Coordinator 175","field.coordinator.175","field.coordinator.175@statgate.example","district_initiator","A4aGXEfdb8P"
